Point_id,Cluster_id
0,1731
1,701
2,3763
3,4088
4,4500
5,327
6,3763
7,6153
8,1457
9,4088
10,1842
11,3763
12,701
13,1842
14,3763
15,3763
16,3763
17,1731
18,1731
19,2745
20,1842
21,327
22,1731
23,2745
24,4500
25,1731
26,4500
27,1731
28,4500
29,4500
30,1842
31,853
32,6153
33,2745
34,6153
35,327
36,4088
37,6153
38,1731
39,1731
40,2745
41,853
42,853
43,1731
44,1457
45,3763
46,4500
47,3763
48,1731
49,701
50,2448
51,1731
52,327
53,1731
54,4088
55,4088
56,3763
57,4500
58,327
59,3763
60,3763
61,3763
62,2745
63,1457
64,2448
65,6153
66,2448
67,1731
68,2448
69,2745
70,6153
71,6153
72,2745
73,1842
74,1731
75,1731
76,4500
77,2745
78,1731
79,1731
80,6153
81,4088
82,853
83,2745
84,853
85,1731
86,1457
87,1731
88,4500
89,3763
90,1457
91,1731
92,6153
93,4500
94,3763
95,4500
96,4500
97,3763
98,1731
99,6153
100,2745
101,853
102,701
103,2745
104,2448
105,1731
106,2745
107,853
108,6153
109,853
110,1731
111,1457
112,853
113,1731
114,853
115,853
116,4088
117,4088
118,1842
119,1457
120,4088
121,6153
122,1457
123,701
124,1842
125,701
126,6153
127,853
128,701
129,853
130,1731
131,4088
132,1731
133,853
134,1731
135,1731
136,701
137,701
138,4088
139,701
140,1731
141,853
142,853
143,1842
144,853
145,6153
146,4088
147,1457
148,701
149,1731
150,701
151,701
152,2448
153,2448
154,1731
155,2448
156,1731
157,1457
158,1731
159,853
160,327
161,1731
162,1731
163,853
164,1457
165,2745
166,6153
167,701
168,3763
169,701
170,2745
171,1731
172,1457
173,701
174,2448
175,1457
176,4500
177,1457
178,2745
179,6153
180,1457
181,1731
182,853
183,853
184,853
185,4088
186,1731
187,1731
188,1731
189,1731
190,1731
191,853
192,1731
193,1731
194,2448
195,1731
196,2448
197,1457
198,1457
199,1731
200,1842
201,2745
202,1731
203,4500
204,3763
205,327
206,6153
207,4088
208,4500
209,1731
210,2448
211,327
212,1731
213,1731
214,1731
215,4500
216,701
217,6153
218,853
219,4500
220,853
221,1457
222,1842
223,2745
224,853
225,853
226,1731
227,1457
228,1457
229,327
230,4500
231,1457
232,4088
233,4500
234,3763
235,1457
236,327
237,1842
238,4500
239,1731
240,1731
241,1731
242,2448
243,4088
244,3763
245,2448
246,4500
247,1731
248,2745
249,327
250,853
251,327
252,1842
253,1842
254,1842
255,1842
256,6153
257,4088
258,2448
259,1731
260,4500
261,6153
262,1457
263,701
264,1457
265,701
266,2745
267,3763
268,2745
269,1731
270,2745
271,1842
272,2745
273,327
274,4500
275,6153
276,4500
277,1731
278,327
279,4088
280,6153
281,2745
282,701
283,1842
284,1457
285,1731
286,1731
287,701
288,853
289,853
290,701
291,4088
292,701
293,6153
294,4088
295,327
296,701
297,2745
298,853
299,853
300,853
301,701
302,701
303,2745
304,1842
305,2745
306,701
307,853
308,3763
309,1842
310,3763
311,1731
312,4088
313,1842
314,6153
315,3763
316,3763
317,1731
318,1731
319,2448
320,327
321,1731
322,1842
323,4500
324,1842
325,2745
326,327
327,327
328,6153
329,1457
330,1457
331,327
332,701
333,4500
334,327
335,701
336,4500
337,1457
338,1731
339,327
340,1731
341,4500
342,1457
343,327
344,2448
345,4500
346,2745
347,2448
348,701
349,327
350,1731
351,1731
352,4088
353,4500
354,6153
355,853
356,1457
357,1731
358,2745
359,6153
360,1842
361,701
362,1457
363,4088
364,1457
365,6153
366,1457
367,6153
368,2745
369,2745
370,2745
371,1731
372,2745
373,701
374,4088
375,327
376,327
377,4500
378,1731
379,4500
380,1731
381,701
382,1731
383,1457
384,327
385,853
386,4088
387,853
388,1731
389,1731
390,1731
391,1457
392,701
393,1731
394,1842
395,2745
396,701
397,4088
398,2448
399,1842
400,4500
401,327
402,1731
403,2448
404,1457
405,2745
406,327
407,1731
408,701
409,6153
410,2448
411,701
412,701
413,1731
414,1457
415,1842
416,327
417,1842
418,1842
419,4088
420,4088
421,327
422,853
423,327
424,3763
425,4088
426,6153
427,327
428,2745
429,4500
430,6153
431,1731
432,1457
433,4500
434,4500
435,6153
436,4500
437,4500
438,3763
439,2745
440,853
441,1731
442,701
443,327
444,6153
445,2448
446,1457
447,1457
448,3763
449,3763
450,1731
451,6153
452,2448
453,6153
454,1731
455,4088
456,4088
457,4500
458,4500
459,4088
460,4088
461,6153
462,1457
463,1457
464,701
465,4088
466,1842
467,853
468,1731
469,3763
470,1731
471,2448
472,1842
473,2448
474,1731
475,853
476,4500
477,6153
478,1731
479,1731
480,701
481,1731
482,1731
483,1731
484,2745
485,853
486,853
487,2745
488,2745
489,2745
490,2745
491,1842
492,2745
493,2745
494,1457
495,1842
496,6153
497,1457
498,2448
499,1731
500,6153
501,6153
502,1731
503,2745
504,1457
505,1842
506,6153
507,1731
508,2448
509,853
510,1731
511,853
512,853
513,2448
514,853
515,1457
516,1457
517,1731
518,701
519,1731
520,853
521,6153
522,1731
523,701
524,3763
525,327
526,853
527,853
528,701
529,1731
530,701
531,1731
532,853
533,1731
534,4088
535,1842
536,4088
537,327
538,701
539,1842
540,2745
541,3763
542,1731
543,4088
544,3763
545,2745
546,3763
547,4088
548,1731
549,4088
550,1457
551,4088
552,853
553,701
554,1457
555,6153
556,327
557,3763
558,701
559,1731
560,2448
561,2448
562,701
563,853
564,4500
565,4500
566,4500
567,4500
568,4500
569,2448
570,327
571,1457
572,1457
573,2448
574,1731
575,1457
576,6153
577,3763
578,1457
579,2448
580,4088
581,1457
582,853
583,2448
584,1842
585,1731
586,853
587,2745
588,2745
589,2745
590,1731
591,701
592,4500
593,327
594,327
595,701
596,1731
597,2745
598,701
599,1731
600,701
601,1457
602,1457
603,853
604,2745
605,1457
606,4500
607,4088
608,4088
609,1731
610,1457
611,1842
612,1731
613,853
614,853
615,701
616,2448
617,2745
618,2745
619,2745
620,701
621,4500
622,3763
623,3763
624,701
625,4088
626,3763
627,4500
628,4088
629,3763
630,2448
631,1842
632,701
633,853
634,2448
635,327
636,2448
637,2745
638,1842
639,2448
640,1457
641,4500
642,853
643,701
644,701
645,327
646,1731
647,2745
648,2745
649,2448
650,2448
651,1842
652,327
653,4500
654,4500
655,4500
656,4088
657,853
658,1731
659,4500
660,4500
661,4500
662,4500
663,4500
664,3763
665,2745
666,4088
667,1731
668,2448
669,853
670,1457
671,1457
672,1731
673,853
674,4500
675,1731
676,4088
677,1842
678,2745
679,1842
680,2448
681,4088
682,4088
683,1457
684,4088
685,4088
686,6153
687,701
688,2745
689,1842
690,1842
691,4088
692,1842
693,327
694,853
695,6153
696,4500
697,1457
698,853
699,1731
700,853
701,701
702,853
703,2745
704,1457
705,327
706,1731
707,1457
708,2745
709,853
710,4088
711,1842
712,853
713,1731
714,327
715,4088
716,2745
717,1457
718,3763
719,327
720,701
721,3763
722,853
723,1842
724,701
725,1731
726,2745
727,1842
728,1842
729,1731
730,3763
731,327
732,3763
733,1731
734,327
735,1842
736,6153
737,1731
738,2745
739,4500
740,2448
741,327
742,4500
743,4500
744,4500
745,1731
746,1457
747,1731
748,1457
749,4500
750,4500
751,4500
752,6153
753,3763
754,3763
755,4500
756,4500
757,327
758,4500
759,2745
760,6153
761,4500
762,6153
763,4500
764,4088
765,6153
766,1842
767,2745
768,2448
769,1731
770,2448
771,4088
772,1457
773,2448
774,1731
775,1731
776,1457
777,1457
778,1842
779,2745
780,1731
781,2745
782,1842
783,853
784,6153
785,6153
786,1457
787,1731
788,6153
789,4500
790,327
791,1457
792,1731
793,701
794,701
795,1842
796,701
797,853
798,701
799,701
800,2448
801,3763
802,853
803,3763
804,1457
805,4088
806,2745
807,1457
808,6153
809,701
810,4500
811,701
812,1457
813,327
814,1842
815,2448
816,6153
817,2745
818,1842
819,1731
820,327
821,1842
822,701
823,4500
824,4500
825,1731
826,2745
827,3763
828,1457
829,1731
830,3763
831,1842
832,1731
833,1842
834,1842
835,3763
836,2745
837,1731
838,2745
839,327
840,6153
841,853
842,2745
843,6153
844,1457
845,4500
846,327
847,4500
848,4500
849,1731
850,4500
851,4500
852,4088
853,853
854,327
855,1457
856,4500
857,3763
858,6153
859,4088
860,1842
861,4088
862,1731
863,1731
864,6153
865,853
866,4500
867,6153
868,4088
869,3763
870,4088
871,2448
872,2448
873,6153
874,4088
875,1457
876,6153
877,4500
878,1731
879,6153
880,1731
881,701
882,1731
883,4088
884,2448
885,1731
886,2745
887,2448
888,1842
889,1457
890,4500
891,1842
892,1457
893,3763
894,6153
895,1731
896,327
897,4500
898,4088
899,853
900,1842
901,6153
902,6153
903,1457
904,2745
905,1842
906,2745
907,1842
908,4500
909,1731
910,853
911,327
912,701
913,3763
914,1731
915,6153
916,3763
917,1457
918,1731
919,4500
920,4500
921,1731
922,701
923,4500
924,853
925,3763
926,701
927,1457
928,1731
929,1457
930,1457
931,701
932,4088
933,4500
934,2448
935,1842
936,2745
937,853
938,701
939,853
940,1842
941,6153
942,853
943,853
944,1842
945,2745
946,853
947,3763
948,6153
949,2745
950,853
951,853
952,2745
953,1731
954,1842
955,1842
956,3763
957,1731
958,6153
959,4088
960,1842
961,2745
962,2745
963,6153
964,327
965,4500
966,853
967,327
968,327
969,327
970,327
971,1457
972,4088
973,327
974,1842
975,2448
976,701
977,4500
978,1731
979,6153
980,1731
981,4500
982,1731
983,701
984,853
985,1842
986,4500
987,3763
988,1731
989,1731
990,701
991,1457
992,6153
993,1457
994,1731
995,853
996,327
997,4088
998,4500
999,2448
1000,327
1001,327
1002,1731
1003,3763
1004,327
1005,327
1006,4088
1007,1731
1008,327
1009,853
1010,853
1011,1842
1012,4088
1013,853
1014,1842
1015,4088
1016,2448
1017,1842
1018,2745
1019,6153
1020,2448
1021,1731
1022,1731
1023,1731
1024,6153
1025,1731
1026,853
1027,3763
1028,2745
1029,1731
1030,1457
1031,2745
1032,2745
1033,1457
1034,701
1035,6153
1036,1731
1037,2745
1038,701
1039,1731
1040,1731
1041,1731
1042,4500
1043,2745
1044,701
1045,2745
1046,853
1047,701
1048,1731
1049,327
1050,853
1051,1731
1052,6153
1053,2448
1054,3763
1055,1457
1056,1731
1057,4500
1058,701
1059,1731
1060,701
1061,327
1062,6153
1063,2448
1064,6153
1065,701
1066,701
1067,1731
1068,2448
1069,2448
1070,2745
1071,1731
1072,2745
1073,853
1074,2745
1075,4500
1076,4500
1077,701
1078,2745
1079,3763
1080,1731
1081,2745
1082,2448
1083,701
1084,6153
1085,3763
1086,1842
1087,327
1088,3763
1089,2448
1090,327
1091,1842
1092,1842
1093,2745
1094,2745
1095,4500
1096,4088
1097,2745
1098,853
1099,4500
1100,1457
1101,6153
1102,4500
1103,6153
1104,1731
1105,3763
1106,701
1107,1731
1108,1731
1109,1731
1110,2448
1111,4088
1112,1457
1113,6153
1114,1457
1115,3763
1116,4500
1117,4500
1118,2448
1119,701
1120,327
1121,4500
1122,4500
1123,327
1124,4500
1125,2745
1126,1731
1127,3763
1128,327
1129,4500
1130,6153
1131,1457
1132,1731
1133,1731
1134,1731
1135,1731
1136,1842
1137,2745
1138,3763
1139,6153
1140,2448
1141,2448
1142,327
1143,1842
1144,3763
1145,2745
1146,1731
1147,701
1148,1731
1149,701
1150,1457
1151,1731
1152,1731
1153,6153
1154,1731
1155,1457
1156,4088
1157,4500
1158,327
1159,4088
1160,4500
1161,1457
1162,4500
1163,6153
1164,1457
1165,1731
1166,701
1167,701
1168,853
1169,6153
1170,2745
1171,701
1172,853
1173,853
1174,4088
1175,701
1176,2745
1177,701
1178,853
1179,701
1180,4088
1181,4088
1182,2745
1183,701
1184,6153
1185,1842
1186,701
1187,853
1188,2448
1189,1842
1190,3763
1191,1457
1192,1842
1193,853
1194,2448
1195,2448
1196,2745
1197,2745
1198,1842
1199,2745
1200,2745
1201,853
1202,4088
1203,3763
1204,327
1205,1731
1206,1842
1207,1731
1208,1731
1209,1842
1210,1842
1211,1842
1212,1731
1213,1842
1214,327
1215,701
1216,1842
1217,1842
1218,2448
1219,1731
1220,4088
1221,1731
1222,327
1223,2448
1224,2745
1225,2745
1226,2448
1227,4500
1228,853
1229,327
1230,1457
1231,327
1232,4500
1233,701
1234,6153
1235,701
1236,4088
1237,2448
1238,327
1239,4500
1240,1842
1241,4088
1242,4500
1243,1731
1244,4500
1245,1457
1246,4500
1247,4500
1248,6153
1249,6153
1250,327
1251,2448
1252,1457
1253,327
1254,327
1255,4500
1256,3763
1257,1842
1258,6153
1259,327
1260,4088
1261,4088
1262,4088
1263,1731
1264,327
1265,4088
1266,327
1267,327
1268,3763
1269,701
1270,327
1271,1731
1272,2448
1273,2448
1274,1731
1275,2448
1276,2448
1277,1842
1278,1842
1279,4088
1280,327
1281,853
1282,1842
1283,2448
1284,4500
1285,4088
1286,1731
1287,3763
1288,853
1289,701
1290,1731
1291,1731
1292,2745
1293,1457
1294,3763
1295,2745
1296,2745
1297,2745
1298,701
1299,4500
1300,1457
1301,701
1302,327
1303,853
1304,853
1305,6153
1306,853
1307,853
1308,6153
1309,1457
1310,2448
1311,853
1312,1457
1313,2448
1314,6153
1315,6153
1316,1731
1317,1731
1318,1457
1319,1731
1320,853
1321,853
1322,2745
1323,6153
1324,4500
1325,1731
1326,327
1327,1842
1328,1842
1329,1731
1330,2745
1331,701
1332,2745
1333,2745
1334,6153
1335,4500
1336,1731
1337,327
1338,3763
1339,3763
1340,1842
1341,327
1342,853
1343,2448
1344,4088
1345,327
1346,4500
1347,4088
1348,701
1349,327
1350,6153
1351,4088
1352,3763
1353,6153
1354,1731
1355,701
1356,4500
1357,1731
1358,701
1359,327
1360,701
1361,4500
1362,327
1363,4088
1364,4500
1365,4500
1366,1457
1367,4500
1368,1457
1369,4500
1370,3763
1371,4500
1372,4088
1373,2448
1374,1457
1375,327
1376,3763
1377,4088
1378,4500
1379,2745
1380,2448
1381,853
1382,4088
1383,327
1384,327
1385,4500
1386,1731
1387,1731
1388,4500
1389,701
1390,1731
1391,1842
1392,1457
1393,1842
1394,4500
1395,1731
1396,1731
1397,6153
1398,3763
1399,3763
1400,327
1401,1731
1402,1842
1403,853
1404,6153
1405,2745
1406,1731
1407,2745
1408,1457
1409,1731
1410,1457
1411,1731
1412,4500
1413,1457
1414,3763
1415,6153
1416,1731
1417,1731
1418,3763
1419,3763
1420,2745
1421,2745
1422,701
1423,3763
1424,1457
1425,701
1426,853
1427,327
1428,853
1429,853
1430,1457
1431,1731
1432,3763
1433,1457
1434,1731
1435,327
1436,1731
1437,701
1438,701
1439,853
1440,701
1441,701
1442,853
1443,6153
1444,327
1445,3763
1446,701
1447,3763
1448,327
1449,2745
1450,1731
1451,2745
1452,701
1453,701
1454,1842
1455,701
1456,1842
1457,1457
1458,327
1459,3763
1460,3763
1461,1457
1462,1842
1463,3763
1464,3763
1465,1731
1466,4088
1467,3763
1468,1842
1469,4500
1470,1731
1471,2448
1472,6153
1473,4088
1474,327
1475,1731
1476,327
1477,4500
1478,701
1479,4088
1480,853
1481,1457
1482,4500
1483,1457
1484,4500
1485,6153
1486,1842
1487,1842
1488,1457
1489,2745
1490,4500
1491,701
1492,327
1493,4088
1494,6153
1495,1457
1496,1457
1497,1457
1498,2448
1499,4500
1500,3763
1501,4500
1502,1842
1503,1457
1504,3763
1505,4500
1506,4500
1507,701
1508,3763
1509,4500
1510,1457
1511,1731
1512,4088
1513,1731
1514,4500
1515,2448
1516,2448
1517,3763
1518,327
1519,701
1520,2448
1521,1457
1522,1842
1523,701
1524,2745
1525,1842
1526,2448
1527,1457
1528,2745
1529,1842
1530,1457
1531,1842
1532,327
1533,1731
1534,2745
1535,2745
1536,1731
1537,1457
1538,2448
1539,701
1540,853
1541,6153
1542,1457
1543,3763
1544,701
1545,701
1546,1842
1547,2745
1548,1842
1549,1731
1550,1457
1551,2745
1552,853
1553,2745
1554,2745
1555,4500
1556,1731
1557,4088
1558,4088
1559,3763
1560,3763
1561,1731
1562,1842
1563,1457
1564,3763
1565,6153
1566,1842
1567,4500
1568,701
1569,2448
1570,3763
1571,701
1572,6153
1573,1731
1574,853
1575,6153
1576,1457
1577,1731
1578,853
1579,701
1580,2448
1581,1457
1582,2448
1583,853
1584,1457
1585,1457
1586,327
1587,2448
1588,1731
1589,2448
1590,701
1591,3763
1592,853
1593,1842
1594,1731
1595,1731
1596,2745
1597,1731
1598,4088
1599,1842
1600,3763
1601,327
1602,2745
1603,4500
1604,1842
1605,1457
1606,2745
1607,4500
1608,4088
1609,327
1610,327
1611,1842
1612,4088
1613,1731
1614,1842
1615,1457
1616,1842
1617,1842
1618,3763
1619,853
1620,1731
1621,1457
1622,701
1623,701
1624,327
1625,2448
1626,1842
1627,3763
1628,327
1629,2448
1630,2745
1631,3763
1632,1731
1633,2745
1634,6153
1635,1842
1636,1842
1637,1842
1638,1842
1639,3763
1640,3763
1641,2448
1642,1731
1643,1842
1644,327
1645,327
1646,327
1647,327
1648,4088
1649,701
1650,2448
1651,4088
1652,1457
1653,4088
1654,4500
1655,4088
1656,1457
1657,2448
1658,3763
1659,6153
1660,3763
1661,1842
1662,6153
1663,1731
1664,1457
1665,6153
1666,4088
1667,4500
1668,327
1669,6153
1670,6153
1671,2448
1672,2448
1673,701
1674,4500
1675,1457
1676,3763
1677,4500
1678,6153
1679,4088
1680,1731
1681,327
1682,4500
1683,701
1684,6153
1685,1731
1686,2745
1687,1457
1688,2448
1689,327
1690,1457
1691,853
1692,1842
1693,2448
1694,4500
1695,4500
1696,701
1697,1842
1698,1457
1699,2745
1700,1842
1701,1842
1702,1842
1703,4088
1704,1731
1705,4088
1706,2745
1707,1842
1708,1731
1709,1731
1710,853
1711,701
1712,2745
1713,1731
1714,3763
1715,1731
1716,1731
1717,1731
1718,1731
1719,2745
1720,1731
1721,3763
1722,4500
1723,701
1724,4500
1725,2745
1726,2745
1727,853
1728,4088
1729,853
1730,853
1731,701
1732,1457
1733,701
1734,853
1735,701
1736,853
1737,1457
1738,4500
1739,1731
1740,6153
1741,1842
1742,2745
1743,3763
1744,1457
1745,4088
1746,853
1747,3763
1748,1457
1749,1457
1750,327
1751,1457
1752,1731
1753,701
1754,3763
1755,2745
1756,1842
1757,701
1758,701
1759,327
1760,3763
1761,4088
1762,1731
1763,853
1764,6153
1765,1842
1766,1842
1767,1731
1768,1842
1769,1842
1770,1842
1771,1842
1772,853
1773,327
1774,853
1775,4088
1776,701
1777,327
1778,4088
1779,1457
1780,4088
1781,6153
1782,4500
1783,2448
1784,3763
1785,853
1786,3763
1787,2745
1788,327
1789,1842
1790,327
1791,1731
1792,853
1793,6153
1794,1457
1795,327
1796,3763
1797,1731
1798,4500
1799,327
1800,4500
1801,4500
1802,2448
1803,6153
1804,1731
1805,3763
1806,4500
1807,1731
1808,327
1809,3763
1810,2745
1811,4500
1812,4500
1813,4500
1814,4500
1815,327
1816,6153
1817,4088
1818,4088
1819,1731
1820,1457
1821,4088
1822,327
1823,1457
1824,4088
1825,4088
1826,3763
1827,3763
1828,4500
1829,1731
1830,1731
1831,853
1832,2448
1833,327
1834,2448
1835,6153
1836,3763
1837,2745
1838,1842
1839,2448
1840,327
1841,4088
1842,1842
1843,4088
1844,6153
1845,1731
1846,4088
1847,6153
1848,2745
1849,3763
1850,701
1851,1731
1852,1731
1853,3763
1854,853
1855,6153
1856,6153
1857,1457
1858,1457
1859,701
1860,2745
1861,2745
1862,1842
1863,2745
1864,2745
1865,1731
1866,853
1867,6153
1868,4500
1869,2745
1870,4500
1871,2448
1872,1457
1873,4088
1874,701
1875,853
1876,701
1877,853
1878,701
1879,701
1880,6153
1881,6153
1882,6153
1883,1731
1884,1842
1885,327
1886,327
1887,327
1888,2745
1889,1731
1890,701
1891,701
1892,2448
1893,1731
1894,1457
1895,1457
1896,701
1897,2448
1898,701
1899,2448
1900,1731
1901,1731
1902,1731
1903,1457
1904,1457
1905,4088
1906,2745
1907,4500
1908,701
1909,1457
1910,2448
1911,1731
1912,1731
1913,1731
1914,1842
1915,1731
1916,3763
1917,327
1918,2448
1919,3763
1920,1842
1921,1731
1922,2448
1923,1842
1924,1842
1925,4500
1926,701
1927,4088
1928,4500
1929,853
1930,3763
1931,3763
1932,701
1933,327
1934,327
1935,327
1936,4500
1937,1457
1938,1731
1939,2448
1940,1731
1941,1731
1942,6153
1943,4500
1944,6153
1945,1457
1946,1457
1947,327
1948,6153
1949,4500
1950,1842
1951,2745
1952,1457
1953,3763
1954,4500
1955,1731
1956,327
1957,4088
1958,4500
1959,4088
1960,327
1961,3763
1962,701
1963,327
1964,4500
1965,2745
1966,4500
1967,327
1968,2448
1969,6153
1970,327
1971,4088
1972,3763
1973,2448
1974,6153
1975,327
1976,6153
1977,4500
1978,1457
1979,1731
1980,327
1981,1731
1982,327
1983,1731
1984,1842
1985,2448
1986,2448
1987,2745
1988,1731
1989,4088
1990,1842
1991,2448
1992,2448
1993,1731
1994,1457
1995,1842
1996,2745
1997,2745
1998,2448
1999,2745
2000,1731
2001,701
2002,2745
2003,2745
2004,2745
2005,2745
2006,1731
2007,3763
2008,1731
2009,1731
2010,327
2011,3763
2012,1731
2013,4088
2014,701
2015,1457
2016,2448
2017,853
2018,853
2019,2448
2020,853
2021,2448
2022,853
2023,4088
2024,853
2025,701
2026,1457
2027,1731
2028,2448
2029,1731
2030,853
2031,4500
2032,2745
2033,1457
2034,1457
2035,853
2036,701
2037,701
2038,2448
2039,1842
2040,2745
2041,1457
2042,2745
2043,2448
2044,2745
2045,1842
2046,327
2047,853
2048,327
2049,1731
2050,1731
2051,1842
2052,1842
2053,1731
2054,2448
2055,2745
2056,1842
2057,701
2058,4088
2059,4500
2060,1731
2061,6153
2062,1842
2063,3763
2064,1842
2065,327
2066,327
2067,3763
2068,4088
2069,3763
2070,1842
2071,3763
2072,1842
2073,1731
2074,3763
2075,3763
2076,1842
2077,1842
2078,1842
2079,1731
2080,327
2081,4088
2082,327
2083,1842
2084,1731
2085,1731
2086,327
2087,4500
2088,2448
2089,701
2090,701
2091,2448
2092,1457
2093,4500
2094,6153
2095,3763
2096,1731
2097,1842
2098,2448
2099,327
2100,6153
2101,327
2102,4088
2103,853
2104,701
2105,4500
2106,4500
2107,327
2108,2448
2109,4500
2110,1457
2111,1457
2112,1457
2113,1457
2114,327
2115,1731
2116,3763
2117,1457
2118,3763
2119,1457
2120,2448
2121,3763
2122,3763
2123,701
2124,6153
2125,1731
2126,327
2127,4088
2128,3763
2129,2448
2130,4500
2131,4500
2132,3763
2133,3763
2134,1457
2135,1731
2136,1457
2137,853
2138,4500
2139,6153
2140,853
2141,4500
2142,2448
2143,4088
2144,327
2145,3763
2146,1842
2147,4088
2148,4088
2149,327
2150,4500
2151,853
2152,701
2153,1457
2154,3763
2155,853
2156,6153
2157,1731
2158,701
2159,3763
2160,2448
2161,2448
2162,2745
2163,1731
2164,2448
2165,1457
2166,3763
2167,2448
2168,1842
2169,1842
2170,4088
2171,1842
2172,1842
2173,3763
2174,6153
2175,1457
2176,4500
2177,701
2178,701
2179,2745
2180,1842
2181,853
2182,1731
2183,2745
2184,1842
2185,2745
2186,1842
2187,2745
2188,1842
2189,1457
2190,6153
2191,6153
2192,1457
2193,6153
2194,4088
2195,3763
2196,2448
2197,1731
2198,1731
2199,4500
2200,853
2201,1457
2202,3763
2203,3763
2204,6153
2205,4500
2206,2745
2207,853
2208,4088
2209,327
2210,1457
2211,1842
2212,6153
2213,701
2214,327
2215,853
2216,6153
2217,4088
2218,853
2219,853
2220,1842
2221,6153
2222,327
2223,853
2224,4500
2225,327
2226,701
2227,853
2228,853
2229,1457
2230,701
2231,701
2232,2448
2233,1842
2234,1842
2235,2745
2236,1457
2237,6153
2238,6153
2239,1731
2240,2745
2241,1842
2242,3763
2243,327
2244,1842
2245,327
2246,1842
2247,1731
2248,327
2249,327
2250,327
2251,2448
2252,1731
2253,1457
2254,1842
2255,1842
2256,701
2257,327
2258,853
2259,853
2260,1731
2261,853
2262,1731
2263,3763
2264,3763
2265,1842
2266,701
2267,3763
2268,3763
2269,2448
2270,3763
2271,6153
2272,1842
2273,2745
2274,1842
2275,1842
2276,3763
2277,4088
2278,3763
2279,1842
2280,3763
2281,1842
2282,3763
2283,1731
2284,853
2285,1842
2286,1457
2287,2448
2288,6153
2289,1731
2290,3763
2291,3763
2292,327
2293,701
2294,327
2295,2448
2296,2745
2297,2745
2298,327
2299,6153
2300,853
2301,1731
2302,3763
2303,853
2304,2448
2305,2745
2306,4500
2307,4088
2308,1731
2309,4500
2310,1731
2311,2448
2312,1842
2313,1731
2314,853
2315,6153
2316,4088
2317,6153
2318,2448
2319,1842
2320,2448
2321,6153
2322,4500
2323,2448
2324,2448
2325,6153
2326,6153
2327,701
2328,3763
2329,4088
2330,1842
2331,4500
2332,327
2333,1731
2334,2745
2335,1731
2336,4500
2337,1731
2338,701
2339,1457
2340,4500
2341,853
2342,327
2343,6153
2344,2448
2345,2448
2346,1731
2347,3763
2348,3763
2349,2448
2350,2448
2351,327
2352,3763
2353,1731
2354,2448
2355,6153
2356,2448
2357,4088
2358,1731
2359,6153
2360,6153
2361,6153
2362,853
2363,1842
2364,3763
2365,2745
2366,4088
2367,1731
2368,2745
2369,4088
2370,4088
2371,1731
2372,1731
2373,1842
2374,1731
2375,6153
2376,2448
2377,2745
2378,1842
2379,6153
2380,3763
2381,327
2382,1731
2383,4500
2384,327
2385,1731
2386,1731
2387,4500
2388,6153
2389,6153
2390,6153
2391,3763
2392,1731
2393,4088
2394,4500
2395,2448
2396,2745
2397,701
2398,701
2399,2745
2400,853
2401,701
2402,1842
2403,853
2404,853
2405,853
2406,1457
2407,1457
2408,701
2409,1731
2410,1842
2411,3763
2412,1731
2413,1731
2414,6153
2415,701
2416,1842
2417,1842
2418,6153
2419,701
2420,1842
2421,3763
2422,3763
2423,327
2424,1731
2425,1731
2426,2745
2427,701
2428,1731
2429,2745
2430,1731
2431,2745
2432,1731
2433,1731
2434,4500
2435,2448
2436,4088
2437,3763
2438,1842
2439,3763
2440,1731
2441,3763
2442,1457
2443,3763
2444,2745
2445,2448
2446,2448
2447,1842
2448,2448
2449,6153
2450,3763
2451,853
2452,1842
2453,3763
2454,2448
2455,2745
2456,2448
2457,3763
2458,327
2459,4088
2460,2745
2461,327
2462,4500
2463,2448
2464,4500
2465,1731
2466,327
2467,6153
2468,6153
2469,6153
2470,327
2471,1457
2472,1457
2473,1457
2474,701
2475,4500
2476,327
2477,4500
2478,327
2479,1842
2480,327
2481,6153
2482,2745
2483,1457
2484,1731
2485,1731
2486,327
2487,853
2488,3763
2489,1731
2490,1731
2491,4500
2492,3763
2493,4500
2494,3763
2495,3763
2496,4500
2497,4088
2498,1731
2499,4088
2500,1731
2501,6153
2502,853
2503,6153
2504,6153
2505,4088
2506,6153
2507,327
2508,4500
2509,701
2510,1731
2511,1842
2512,1842
2513,2448
2514,1457
2515,1842
2516,1457
2517,2745
2518,1731
2519,1842
2520,1457
2521,3763
2522,1842
2523,1842
2524,3763
2525,4088
2526,6153
2527,327
2528,701
2529,2745
2530,327
2531,2745
2532,1731
2533,2745
2534,2745
2535,701
2536,1731
2537,1731
2538,1731
2539,2745
2540,2745
2541,2745
2542,1842
2543,6153
2544,1731
2545,1842
2546,1731
2547,1731
2548,3763
2549,4500
2550,4088
2551,3763
2552,1731
2553,6153
2554,1457
2555,2448
2556,4088
2557,701
2558,701
2559,2745
2560,1842
2561,853
2562,4088
2563,853
2564,2745
2565,6153
2566,4088
2567,1457
2568,1731
2569,4088
2570,701
2571,701
2572,327
2573,327
2574,1457
2575,327
2576,327
2577,1731
2578,1842
2579,4500
2580,853
2581,701
2582,6153
2583,3763
2584,4088
2585,2745
2586,701
2587,1842
2588,3763
2589,327
2590,3763
2591,1842
2592,1842
2593,3763
2594,1842
2595,1842
2596,4088
2597,1842
2598,2745
2599,6153
2600,1842
2601,3763
2602,1457
2603,3763
2604,3763
2605,3763
2606,327
2607,3763
2608,2745
2609,2448
2610,2448
2611,4500
2612,327
2613,6153
2614,327
2615,327
2616,6153
2617,4500
2618,701
2619,2745
2620,2448
2621,2745
2622,3763
2623,4500
2624,1731
2625,2448
2626,3763
2627,1457
2628,1457
2629,327
2630,3763
2631,1842
2632,4088
2633,853
2634,1457
2635,3763
2636,4088
2637,853
2638,6153
2639,1731
2640,3763
2641,2448
2642,2448
2643,4500
2644,1731
2645,6153
2646,701
2647,853
2648,4088
2649,1457
2650,327
2651,1842
2652,327
2653,1731
2654,4500
2655,4088
2656,2448
2657,2448
2658,1842
2659,1842
2660,327
2661,1842
2662,1731
2663,1842
2664,1842
2665,1731
2666,2448
2667,6153
2668,2745
2669,4088
2670,1457
2671,4500
2672,701
2673,327
2674,853
2675,1457
2676,4088
2677,3763
2678,3763
2679,1457
2680,1842
2681,1731
2682,2745
2683,1842
2684,1731
2685,1842
2686,2745
2687,327
2688,3763
2689,4500
2690,1731
2691,4500
2692,1731
2693,327
2694,1731
2695,2448
2696,1731
2697,4500
2698,4500
2699,1731
2700,1457
2701,6153
2702,701
2703,2745
2704,4088
2705,701
2706,1731
2707,1842
2708,1457
2709,853
2710,853
2711,853
2712,853
2713,4088
2714,701
2715,6153
2716,853
2717,6153
2718,1731
2719,701
2720,701
2721,1842
2722,853
2723,4088
2724,701
2725,4500
2726,6153
2727,1731
2728,327
2729,4088
2730,701
2731,2745
2732,853
2733,327
2734,701
2735,1731
2736,2448
2737,1842
2738,1457
2739,327
2740,2745
2741,2448
2742,327
2743,4500
2744,701
2745,2745
2746,853
2747,1731
2748,1842
2749,701
2750,853
2751,4088
2752,701
2753,3763
2754,6153
2755,1842
2756,1842
2757,6153
2758,3763
2759,2448
2760,1842
2761,1842
2762,1731
2763,1842
2764,1842
2765,2745
2766,2745
2767,3763
2768,1842
2769,3763
2770,1731
2771,1842
2772,327
2773,1457
2774,327
2775,701
2776,1731
2777,327
2778,2745
2779,1457
2780,4088
2781,2745
2782,2448
2783,1842
2784,2448
2785,1457
2786,4088
2787,853
2788,327
2789,701
2790,6153
2791,3763
2792,6153
2793,327
2794,1457
2795,4500
2796,4500
2797,6153
2798,701
2799,6153
2800,3763
2801,4500
2802,2745
2803,3763
2804,1457
2805,4500
2806,4088
2807,701
2808,4500
2809,4500
2810,327
2811,4500
2812,327
2813,4500
2814,4088
2815,327
2816,2448
2817,6153
2818,4500
2819,3763
2820,4088
2821,327
2822,4088
2823,3763
2824,4088
2825,327
2826,2448
2827,1842
2828,327
2829,1731
2830,4500
2831,1731
2832,327
2833,4088
2834,4500
2835,327
2836,1731
2837,1457
2838,1457
2839,6153
2840,327
2841,1457
2842,2448
2843,1731
2844,4500
2845,1842
2846,6153
2847,4088
2848,6153
2849,1731
2850,1457
2851,1842
2852,2448
2853,2448
2854,4088
2855,1842
2856,4088
2857,701
2858,2745
2859,2448
2860,2745
2861,1842
2862,327
2863,1457
2864,6153
2865,4088
2866,1457
2867,1731
2868,2745
2869,1731
2870,2745
2871,853
2872,6153
2873,1842
2874,1842
2875,6153
2876,1731
2877,4088
2878,4500
2879,3763
2880,4088
2881,1731
2882,2448
2883,3763
2884,4088
2885,3763
2886,4088
2887,1731
2888,1457
2889,4500
2890,853
2891,853
2892,853
2893,853
2894,2448
2895,701
2896,701
2897,701
2898,6153
2899,4088
2900,6153
2901,853
2902,1731
2903,1457
2904,1731
2905,853
2906,1457
2907,2448
2908,1457
2909,6153
2910,1457
2911,327
2912,1457
2913,327
2914,1457
2915,2745
2916,6153
2917,2448
2918,853
2919,3763
2920,4500
2921,853
2922,1842
2923,2745
2924,701
2925,2745
2926,853
2927,701
2928,2745
2929,2745
2930,2448
2931,1457
2932,3763
2933,1842
2934,3763
2935,6153
2936,2745
2937,1842
2938,4088
2939,1731
2940,1842
2941,3763
2942,701
2943,2448
2944,1457
2945,1842
2946,1731
2947,2745
2948,2448
2949,3763
2950,327
2951,3763
2952,701
2953,2448
2954,701
2955,4500
2956,327
2957,327
2958,1457
2959,6153
2960,2745
2961,6153
2962,4500
2963,1731
2964,6153
2965,2745
2966,701
2967,327
2968,4088
2969,1731
2970,1457
2971,327
2972,327
2973,2448
2974,327
2975,4500
2976,1457
2977,4500
2978,853
2979,6153
2980,2448
2981,4088
2982,3763
2983,3763
2984,3763
2985,3763
2986,4088
2987,4500
2988,2448
2989,4500
2990,2448
2991,4088
2992,1842
2993,6153
2994,1731
2995,327
2996,2745
2997,4088
2998,327
2999,327
3000,4500
3001,6153
3002,4088
3003,3763
3004,327
3005,1457
3006,6153
3007,2448
3008,1457
3009,327
3010,327
3011,6153
3012,327
3013,4500
3014,1731
3015,6153
3016,3763
3017,1842
3018,2448
3019,2745
3020,1731
3021,2745
3022,1842
3023,1842
3024,2448
3025,3763
3026,1842
3027,4088
3028,2448
3029,1731
3030,2448
3031,1842
3032,1731
3033,1731
3034,853
3035,853
3036,1457
3037,2745
3038,1731
3039,2745
3040,1842
3041,1457
3042,1731
3043,1731
3044,6153
3045,6153
3046,4088
3047,1731
3048,1731
3049,1731
3050,1457
3051,6153
3052,2448
3053,4500
3054,1731
3055,4500
3056,3763
3057,3763
3058,1457
3059,1842
3060,327
3061,853
3062,1731
3063,327
3064,1842
3065,853
3066,2745
3067,1457
3068,853
3069,701
3070,701
3071,3763
3072,853
3073,1457
3074,1731
3075,6153
3076,2448
3077,853
3078,2448
3079,4500
3080,701
3081,2448
3082,4088
3083,2448
3084,1731
3085,3763
3086,1457
3087,701
3088,701
3089,1842
3090,1842
3091,1731
3092,853
3093,6153
3094,701
3095,1457
3096,327
3097,327
3098,2745
3099,1842
3100,1731
3101,4500
3102,853
3103,6153
3104,701
3105,1731
3106,2745
3107,701
3108,2745
3109,2745
3110,1731
3111,853
3112,1731
3113,2745
3114,2745
3115,3763
3116,4500
3117,3763
3118,327
3119,327
3120,701
3121,1731
3122,2448
3123,3763
3124,3763
3125,1731
3126,3763
3127,1842
3128,3763
3129,1842
3130,1731
3131,1731
3132,1842
3133,1842
3134,6153
3135,853
3136,2745
3137,327
3138,2745
3139,701
3140,1457
3141,6153
3142,1731
3143,1457
3144,6153
3145,1731
3146,853
3147,6153
3148,6153
3149,4500
3150,1731
3151,1731
3152,3763
3153,327
3154,4500
3155,2448
3156,1457
3157,1457
3158,327
3159,327
3160,2448
3161,1457
3162,1731
3163,1457
3164,4500
3165,1457
3166,3763
3167,4500
3168,3763
3169,6153
3170,327
3171,2448
3172,853
3173,4088
3174,2448
3175,4088
3176,3763
3177,1731
3178,1842
3179,1457
3180,3763
3181,4088
3182,4500
3183,853
3184,4088
3185,2448
3186,4088
3187,2448
3188,6153
3189,4500
3190,1731
3191,4088
3192,3763
3193,1731
3194,1457
3195,327
3196,2448
3197,327
3198,2448
3199,1842
3200,3763
3201,1731
3202,6153
3203,1731
3204,4500
3205,327
3206,1731
3207,6153
3208,1731
3209,1731
3210,1731
3211,1731
3212,1842
3213,2448
3214,1842
3215,1457
3216,6153
3217,6153
3218,6153
3219,2745
3220,1731
3221,853
3222,4088
3223,4088
3224,1842
3225,1731
3226,1457
3227,1731
3228,701
3229,2745
3230,1457
3231,1457
3232,2745
3233,1842
3234,1457
3235,1842
3236,701
3237,853
3238,1731
3239,1731
3240,4088
3241,327
3242,327
3243,4500
3244,3763
3245,4088
3246,4500
3247,2448
3248,6153
3249,6153
3250,1457
3251,6153
3252,6153
3253,6153
3254,853
3255,701
3256,1842
3257,2745
3258,853
3259,2745
3260,3763
3261,853
3262,853
3263,853
3264,701
3265,1842
3266,1457
3267,327
3268,4500
3269,853
3270,701
3271,6153
3272,701
3273,853
3274,6153
3275,701
3276,1842
3277,3763
3278,1731
3279,1457
3280,701
3281,1731
3282,2745
3283,1842
3284,2745
3285,853
3286,3763
3287,327
3288,1457
3289,4088
3290,1842
3291,1842
3292,3763
3293,1842
3294,3763
3295,1731
3296,3763
3297,1842
3298,3763
3299,327
3300,327
3301,4500
3302,1731
3303,2745
3304,1842
3305,327
3306,1842
3307,701
3308,1731
3309,4088
3310,701
3311,1731
3312,3763
3313,4088
3314,2745
3315,1457
3316,853
3317,4500
3318,6153
3319,6153
3320,4500
3321,701
3322,701
3323,4500
3324,2448
3325,4500
3326,1457
3327,6153
3328,701
3329,1842
3330,4500
3331,701
3332,2745
3333,6153
3334,2745
3335,4088
3336,2448
3337,4500
3338,6153
3339,4500
3340,4088
3341,3763
3342,4500
3343,4500
3344,6153
3345,4500
3346,6153
3347,327
3348,6153
3349,2448
3350,4500
3351,1731
3352,6153
3353,4088
3354,2448
3355,2448
3356,2448
3357,2448
3358,2448
3359,4500
3360,327
3361,1457
3362,2448
3363,2448
3364,6153
3365,1731
3366,4088
3367,6153
3368,1731
3369,6153
3370,6153
3371,6153
3372,1842
3373,1842
3374,1457
3375,4088
3376,853
3377,6153
3378,1842
3379,853
3380,1842
3381,1731
3382,2448
3383,4088
3384,1842
3385,2745
3386,2745
3387,2745
3388,1731
3389,1731
3390,1731
3391,1731
3392,2745
3393,1731
3394,853
3395,1457
3396,4088
3397,1842
3398,1842
3399,3763
3400,4500
3401,2448
3402,4088
3403,1457
3404,3763
3405,4500
3406,1842
3407,1842
3408,6153
3409,1457
3410,4500
3411,4500
3412,1457
3413,6153
3414,327
3415,853
3416,1842
3417,1842
3418,853
3419,701
3420,853
3421,327
3422,3763
3423,1457
3424,1842
3425,2448
3426,6153
3427,701
3428,853
3429,1842
3430,2448
3431,327
3432,327
3433,327
3434,4088
3435,701
3436,701
3437,701
3438,2745
3439,2745
3440,701
3441,2745
3442,6153
3443,4500
3444,4500
3445,2448
3446,1842
3447,2448
3448,1731
3449,6153
3450,1842
3451,4500
3452,1842
3453,2448
3454,1731
3455,2448
3456,1842
3457,3763
3458,3763
3459,1842
3460,6153
3461,4088
3462,327
3463,1842
3464,3763
3465,4088
3466,1842
3467,1842
3468,1731
3469,6153
3470,2448
3471,701
3472,2745
3473,1457
3474,1731
3475,1842
3476,327
3477,1842
3478,1731
3479,1842
3480,2448
3481,2448
3482,6153
3483,6153
3484,1457
3485,1731
3486,327
3487,4500
3488,6153
3489,1731
3490,1731
3491,4500
3492,3763
3493,6153
3494,1731
3495,701
3496,4088
3497,2448
3498,1731
3499,1457
3500,1457
3501,2448
3502,6153
3503,3763
3504,327
3505,4088
3506,4088
3507,6153
3508,4088
3509,4088
3510,6153
3511,4500
3512,1457
3513,2745
3514,701
3515,2448
3516,1731
3517,853
3518,327
3519,2448
3520,2448
3521,2448
3522,2448
3523,2448
3524,3763
3525,3763
3526,327
3527,1731
3528,4500
3529,853
3530,4500
3531,4088
3532,4088
3533,1731
3534,4500
3535,2745
3536,1842
3537,2745
3538,327
3539,6153
3540,6153
3541,3763
3542,2745
3543,2745
3544,2745
3545,1731
3546,1731
3547,3763
3548,327
3549,853
3550,1731
3551,1731
3552,1731
3553,1731
3554,1842
3555,1731
3556,1731
3557,1731
3558,1731
3559,2745
3560,3763
3561,1731
3562,1731
3563,853
3564,3763
3565,1457
3566,6153
3567,701
3568,4500
3569,4088
3570,1731
3571,701
3572,701
3573,1731
3574,1457
3575,701
3576,853
3577,701
3578,853
3579,701
3580,701
3581,853
3582,6153
3583,4088
3584,1731
3585,2448
3586,2745
3587,4088
3588,2448
3589,1731
3590,1731
3591,2448
3592,6153
3593,3763
3594,6153
3595,853
3596,327
3597,1842
3598,1731
3599,1457
3600,853
3601,4500
3602,853
3603,327
3604,1731
3605,6153
3606,4088
3607,1842
3608,3763
3609,4088
3610,327
3611,1842
3612,4088
3613,1457
3614,6153
3615,327
3616,1842
3617,1842
3618,4088
3619,327
3620,1457
3621,1731
3622,853
3623,4500
3624,3763
3625,1457
3626,1731
3627,853
3628,6153
3629,853
3630,6153
3631,701
3632,2448
3633,6153
3634,4500
3635,1731
3636,2448
3637,1731
3638,2448
3639,6153
3640,1457
3641,4500
3642,3763
3643,4500
3644,1457
3645,327
3646,4500
3647,853
3648,4088
3649,2448
3650,2448
3651,4088
3652,4500
3653,2448
3654,327
3655,327
3656,1731
3657,4088
3658,327
3659,4088
3660,2448
3661,4500
3662,4500
3663,1731
3664,6153
3665,4088
3666,4500
3667,701
3668,1457
3669,853
3670,1457
3671,2448
3672,327
3673,6153
3674,4088
3675,1842
3676,2745
3677,1731
3678,1842
3679,4088
3680,6153
3681,2448
3682,701
3683,2448
3684,2448
3685,2745
3686,327
3687,1842
3688,1842
3689,1842
3690,2745
3691,853
3692,6153
3693,853
3694,1731
3695,1842
3696,853
3697,3763
3698,1731
3699,2745
3700,1842
3701,327
3702,1731
3703,327
3704,4500
3705,1731
3706,4088
3707,2745
3708,853
3709,327
3710,1731
3711,701
3712,6153
3713,701
3714,853
3715,1731
3716,6153
3717,2745
3718,853
3719,6153
3720,701
3721,1842
3722,853
3723,1457
3724,701
3725,853
3726,853
3727,3763
3728,853
3729,1731
3730,1731
3731,1457
3732,4088
3733,701
3734,853
3735,701
3736,853
3737,701
3738,4088
3739,701
3740,853
3741,4500
3742,327
3743,1731
3744,4088
3745,1842
3746,2745
3747,1731
3748,1457
3749,1842
3750,1731
3751,2745
3752,4088
3753,4088
3754,1842
3755,1731
3756,4500
3757,1842
3758,4088
3759,1842
3760,1457
3761,2448
3762,3763
3763,3763
3764,3763
3765,327
3766,1842
3767,3763
3768,6153
3769,2745
3770,1731
3771,2745
3772,4088
3773,1457
3774,4088
3775,327
3776,2745
3777,1731
3778,3763
3779,1731
3780,4500
3781,4500
3782,701
3783,6153
3784,1457
3785,4500
3786,1457
3787,4500
3788,6153
3789,6153
3790,3763
3791,1457
3792,6153
3793,1457
3794,6153
3795,6153
3796,1842
3797,3763
3798,1457
3799,4500
3800,2745
3801,1731
3802,4500
3803,701
3804,327
3805,2745
3806,1457
3807,1457
3808,327
3809,1457
3810,1457
3811,1457
3812,4500
3813,1457
3814,1731
3815,2448
3816,1731
3817,4088
3818,1731
3819,2448
3820,1731
3821,4088
3822,4500
3823,4500
3824,1842
3825,3763
3826,4500
3827,2448
3828,4088
3829,853
3830,327
3831,1731
3832,1731
3833,4088
3834,1731
3835,327
3836,4500
3837,327
3838,327
3839,2448
3840,327
3841,4500
3842,327
3843,327
3844,853
3845,2448
3846,1457
3847,327
3848,4088
3849,853
3850,2448
3851,1457
3852,4088
3853,853
3854,1842
3855,701
3856,327
3857,2745
3858,2745
3859,1731
3860,3763
3861,6153
3862,2745
3863,853
3864,701
3865,853
3866,1731
3867,2745
3868,2745
3869,1842
3870,1731
3871,2745
3872,1731
3873,853
3874,1842
3875,1731
3876,6153
3877,1457
3878,701
3879,6153
3880,2448
3881,327
3882,3763
3883,4500
3884,3763
3885,1731
3886,6153
3887,6153
3888,1457
3889,1457
3890,2745
3891,1457
3892,701
3893,1457
3894,853
3895,853
3896,2745
3897,853
3898,701
3899,853
3900,2448
3901,1731
3902,2448
3903,6153
3904,701
3905,327
3906,1457
3907,4088
3908,327
3909,2745
3910,2745
3911,2745
3912,701
3913,327
3914,1731
3915,4500
3916,1457
3917,2448
3918,853
3919,6153
3920,6153
3921,6153
3922,853
3923,2448
3924,327
3925,853
3926,2448
3927,3763
3928,327
3929,853
3930,3763
3931,4088
3932,1457
3933,701
3934,701
3935,4088
3936,6153
3937,1842
3938,1842
3939,6153
3940,4088
3941,2448
3942,3763
3943,1842
3944,1457
3945,4088
3946,1731
3947,1842
3948,4088
3949,1842
3950,1842
3951,1842
3952,327
3953,3763
3954,3763
3955,3763
3956,327
3957,1842
3958,853
3959,853
3960,853
3961,1457
3962,6153
3963,1842
3964,1457
3965,327
3966,1842
3967,2448
3968,853
3969,1731
3970,1731
3971,2745
3972,1731
3973,2745
3974,3763
3975,1731
3976,2448
3977,6153
3978,701
3979,2448
3980,1731
3981,2448
3982,327
3983,3763
3984,6153
3985,6153
3986,6153
3987,4500
3988,701
3989,3763
3990,6153
3991,4500
3992,853
3993,853
3994,2448
3995,2448
3996,327
3997,3763
3998,4500
3999,4500
4000,6153
4001,1842
4002,4088
4003,4088
4004,4500
4005,2448
4006,2448
4007,3763
4008,327
4009,4088
4010,2448
4011,3763
4012,327
4013,327
4014,327
4015,3763
4016,2448
4017,4500
4018,1731
4019,1731
4020,3763
4021,2448
4022,1731
4023,1731
4024,2448
4025,4088
4026,2448
4027,4088
4028,1731
4029,4500
4030,4088
4031,1731
4032,1731
4033,4500
4034,1731
4035,327
4036,1457
4037,1457
4038,1731
4039,2745
4040,6153
4041,1842
4042,4088
4043,6153
4044,4500
4045,6153
4046,1731
4047,4500
4048,701
4049,1731
4050,327
4051,853
4052,853
4053,853
4054,701
4055,1457
4056,701
4057,1731
4058,1731
4059,1731
4060,1842
4061,1457
4062,1842
4063,3763
4064,2745
4065,1842
4066,6153
4067,1731
4068,1731
4069,327
4070,4088
4071,4500
4072,4500
4073,4500
4074,1731
4075,1731
4076,1731
4077,701
4078,2745
4079,853
4080,2745
4081,853
4082,3763
4083,701
4084,3763
4085,853
4086,1457
4087,853
4088,4088
4089,6153
4090,853
4091,1842
4092,6153
4093,853
4094,853
4095,2448
4096,6153
4097,853
4098,701
4099,1731
4100,3763
4101,701
4102,701
4103,2448
4104,1842
4105,1457
4106,6153
4107,6153
4108,1842
4109,701
4110,1731
4111,327
4112,2448
4113,1457
4114,2448
4115,1457
4116,701
4117,6153
4118,701
4119,701
4120,701
4121,701
4122,6153
4123,1731
4124,4500
4125,701
4126,853
4127,4088
4128,2448
4129,2448
4130,1842
4131,4088
4132,2448
4133,701
4134,1731
4135,701
4136,1457
4137,4088
4138,701
4139,6153
4140,2448
4141,1842
4142,701
4143,327
4144,701
4145,1731
4146,2448
4147,853
4148,701
4149,701
4150,4088
4151,1457
4152,1731
4153,2448
4154,1842
4155,2448
4156,6153
4157,1842
4158,6153
4159,2448
4160,701
4161,2745
4162,2745
4163,2745
4164,701
4165,6153
4166,327
4167,853
4168,853
4169,2448
4170,6153
4171,1731
4172,701
4173,327
4174,701
4175,4088
4176,1842
4177,1457
4178,853
4179,2745
4180,853
4181,701
4182,1842
4183,2448
4184,1457
4185,2745
4186,4500
4187,327
4188,853
4189,1842
4190,1842
4191,1842
4192,6153
4193,1842
4194,1731
4195,2448
4196,4500
4197,1731
4198,327
4199,1731
4200,1842
4201,4088
4202,4500
4203,4500
4204,4500
4205,1731
4206,853
4207,6153
4208,4500
4209,1731
4210,4088
4211,1457
4212,4500
4213,3763
4214,327
4215,327
4216,2745
4217,6153
4218,2448
4219,1457
4220,1842
4221,2745
4222,2745
4223,4500
4224,327
4225,2745
4226,327
4227,853
4228,701
4229,327
4230,3763
4231,853
4232,327
4233,1842
4234,2745
4235,853
4236,3763
4237,701
4238,701
4239,3763
4240,3763
4241,4088
4242,3763
4243,701
4244,1842
4245,1842
4246,3763
4247,3763
4248,1731
4249,1731
4250,1842
4251,4088
4252,6153
4253,4088
4254,327
4255,6153
4256,2745
4257,1731
4258,4088
4259,327
4260,1842
4261,1842
4262,1731
4263,4500
4264,2448
4265,1731
4266,327
4267,1457
4268,1731
4269,1457
4270,4500
4271,4088
4272,6153
4273,327
4274,6153
4275,701
4276,1731
4277,4500
4278,1457
4279,1731
4280,2448
4281,1731
4282,6153
4283,701
4284,6153
4285,327
4286,6153
4287,327
4288,2448
4289,1731
4290,1731
4291,4088
4292,1731
4293,1457
4294,327
4295,1731
4296,1731
4297,3763
4298,853
4299,4500
4300,1731
4301,6153
4302,2448
4303,327
4304,4500
4305,4088
4306,853
4307,327
4308,1731
4309,4500
4310,853
4311,1731
4312,1731
4313,4500
4314,4088
4315,1731
4316,2448
4317,2448
4318,4088
4319,1842
4320,2745
4321,853
4322,1457
4323,1457
4324,1731
4325,1842
4326,327
4327,4088
4328,4088
4329,2745
4330,1842
4331,2745
4332,2745
4333,4088
4334,4500
4335,1731
4336,2745
4337,2745
4338,1457
4339,1731
4340,4088
4341,701
4342,327
4343,1731
4344,1731
4345,701
4346,327
4347,701
4348,701
4349,853
4350,1731
4351,701
4352,6153
4353,1842
4354,1731
4355,701
4356,853
4357,4088
4358,701
4359,2448
4360,4088
4361,6153
4362,1731
4363,701
4364,3763
4365,701
4366,853
4367,1731
4368,853
4369,2448
4370,1457
4371,1731
4372,701
4373,6153
4374,1842
4375,4088
4376,4088
4377,2448
4378,701
4379,3763
4380,2745
4381,327
4382,2745
4383,2448
4384,2745
4385,3763
4386,853
4387,1457
4388,1842
4389,3763
4390,1842
4391,1731
4392,327
4393,327
4394,327
4395,4088
4396,853
4397,853
4398,701
4399,4500
4400,4500
4401,4500
4402,2448
4403,1457
4404,2448
4405,1842
4406,2448
4407,4088
4408,853
4409,327
4410,1731
4411,4500
4412,6153
4413,2448
4414,327
4415,3763
4416,1457
4417,1457
4418,1457
4419,3763
4420,2745
4421,2745
4422,4088
4423,3763
4424,853
4425,701
4426,701
4427,1457
4428,6153
4429,327
4430,2745
4431,2745
4432,701
4433,2745
4434,4500
4435,1842
4436,6153
4437,1457
4438,2745
4439,1842
4440,6153
4441,3763
4442,1842
4443,701
4444,1731
4445,1731
4446,4088
4447,327
4448,1731
4449,4088
4450,1842
4451,1842
4452,2448
4453,2745
4454,2745
4455,1842
4456,853
4457,2448
4458,1731
4459,1731
4460,853
4461,1842
4462,2745
4463,2745
4464,2448
4465,2448
4466,327
4467,1457
4468,6153
4469,4088
4470,1731
4471,1457
4472,1457
4473,1731
4474,1457
4475,1457
4476,327
4477,853
4478,853
4479,1731
4480,6153
4481,4500
4482,2448
4483,2448
4484,1842
4485,1731
4486,701
4487,853
4488,1457
4489,2448
4490,1731
4491,3763
4492,327
4493,2745
4494,4500
4495,6153
4496,6153
4497,4088
4498,6153
4499,3763
4500,4500
4501,1457
4502,6153
4503,4500
4504,4500
4505,327
4506,327
4507,2448
4508,3763
4509,1731
4510,853
4511,4500
4512,1731
4513,1457
4514,853
4515,1731
4516,1842
4517,1842
4518,4088
4519,1842
4520,3763
4521,1731
4522,3763
4523,3763
4524,1731
4525,1731
4526,1731
4527,4500
4528,1842
4529,1731
4530,701
4531,6153
4532,6153
4533,701
4534,853
4535,1457
4536,853
4537,3763
4538,853
4539,853
4540,853
4541,2745
4542,2745
4543,4088
4544,6153
4545,327
4546,4500
4547,1731
4548,4500
4549,3763
4550,4500
4551,4500
4552,3763
4553,327
4554,1731
4555,4088
4556,701
4557,701
4558,701
4559,4500
4560,853
4561,701
4562,701
4563,1731
4564,701
4565,2745
4566,701
4567,4088
4568,853
4569,853
4570,6153
4571,1457
4572,3763
4573,1457
4574,701
4575,1457
4576,853
4577,1842
4578,6153
4579,853
4580,6153
4581,701
4582,853
4583,1457
4584,701
4585,701
4586,1731
4587,2745
4588,701
4589,853
4590,1842
4591,701
4592,1457
4593,1457
4594,1842
4595,1731
4596,1457
4597,853
4598,2448
4599,6153
4600,6153
4601,1457
4602,1457
4603,701
4604,6153
4605,2448
4606,2448
4607,701
4608,1731
4609,4088
4610,2448
4611,2745
4612,701
4613,2448
4614,853
4615,1731
4616,701
4617,327
4618,2448
4619,4500
4620,2745
4621,1731
4622,1731
4623,4500
4624,853
4625,2448
4626,853
4627,1457
4628,4088
4629,853
4630,1457
4631,1457
4632,1842
4633,2745
4634,853
4635,4088
4636,1731
4637,1731
4638,2745
4639,1731
4640,1731
4641,6153
4642,2448
4643,701
4644,4088
4645,1731
4646,1731
4647,1731
4648,2745
4649,853
4650,3763
4651,327
4652,4500
4653,6153
4654,4088
4655,1842
4656,1842
4657,1842
4658,1842
4659,1842
4660,3763
4661,1842
4662,4088
4663,6153
4664,1731
4665,4500
4666,4088
4667,2448
4668,1457
4669,6153
4670,6153
4671,2448
4672,327
4673,327
4674,701
4675,3763
4676,6153
4677,2745
4678,4500
4679,1731
4680,701
4681,853
4682,6153
4683,327
4684,853
4685,3763
4686,3763
4687,1842
4688,1457
4689,701
4690,327
4691,4500
4692,1842
4693,327
4694,2745
4695,2745
4696,4500
4697,327
4698,1731
4699,2448
4700,4500
4701,3763
4702,4088
4703,1842
4704,1842
4705,2745
4706,4500
4707,1731
4708,1731
4709,2448
4710,2448
4711,4088
4712,1457
4713,4500
4714,2745
4715,1731
4716,853
4717,4088
4718,1457
4719,853
4720,6153
4721,701
4722,6153
4723,1457
4724,3763
4725,1731
4726,1731
4727,3763
4728,853
4729,3763
4730,4088
4731,2448
4732,6153
4733,1457
4734,2448
4735,701
4736,701
4737,701
4738,2745
4739,853
4740,701
4741,853
4742,1457
4743,853
4744,701
4745,6153
4746,1457
4747,3763
4748,701
4749,4500
4750,701
4751,701
4752,2745
4753,1457
4754,701
4755,6153
4756,853
4757,853
4758,1731
4759,2448
4760,853
4761,701
4762,701
4763,701
4764,701
4765,701
4766,1457
4767,1457
4768,1842
4769,701
4770,701
4771,701
4772,6153
4773,853
4774,3763
4775,2745
4776,853
4777,327
4778,3763
4779,1842
4780,2745
4781,6153
4782,2745
4783,853
4784,1731
4785,1457
4786,1842
4787,853
4788,2448
4789,2448
4790,1731
4791,2745
4792,3763
4793,2745
4794,4088
4795,2745
4796,1842
4797,1731
4798,1731
4799,327
4800,1731
4801,4500
4802,2448
4803,6153
4804,1457
4805,3763
4806,6153
4807,6153
4808,1731
4809,3763
4810,701
4811,3763
4812,853
4813,853
4814,1731
4815,327
4816,701
4817,2448
4818,4088
4819,3763
4820,327
4821,1457
4822,1457
4823,3763
4824,4500
4825,327
4826,701
4827,4088
4828,701
4829,327
4830,1731
4831,327
4832,4500
4833,4500
4834,327
4835,1457
4836,1731
4837,327
4838,1731
4839,2448
4840,4088
4841,1842
4842,6153
4843,853
4844,4088
4845,1457
4846,701
4847,6153
4848,4500
4849,2448
4850,1457
4851,2448
4852,4088
4853,4500
4854,3763
4855,4088
4856,1842
4857,853
4858,2448
4859,4500
4860,1842
4861,1731
4862,1731
4863,4088
4864,2745
4865,4088
4866,701
4867,6153
4868,853
4869,701
4870,853
4871,701
4872,1457
4873,2745
4874,2745
4875,2745
4876,2745
4877,2745
4878,2745
4879,2745
4880,2745
4881,1457
4882,1842
4883,2745
4884,2745
4885,1842
4886,6153
4887,4500
4888,1731
4889,1731
4890,6153
4891,6153
4892,6153
4893,701
4894,327
4895,6153
4896,4500
4897,6153
4898,3763
4899,1731
4900,701
4901,2448
4902,701
4903,701
4904,853
4905,1842
4906,2745
4907,6153
4908,701
4909,701
4910,1457
4911,853
4912,2448
4913,1457
4914,1457
4915,853
4916,327
4917,701
4918,1731
4919,327
4920,6153
4921,4088
4922,1731
4923,853
4924,853
4925,1731
4926,701
4927,701
4928,2448
4929,853
4930,4088
4931,6153
4932,6153
4933,6153
4934,701
4935,701
4936,853
4937,2448
4938,1457
4939,1731
4940,853
4941,1731
4942,1457
4943,701
4944,701
4945,2745
4946,2745
4947,853
4948,701
4949,1731
4950,1457
4951,6153
4952,1842
4953,853
4954,853
4955,1842
4956,1731
4957,3763
4958,327
4959,853
4960,701
4961,1731
4962,853
4963,1842
4964,701
4965,1731
4966,1842
4967,853
4968,853
4969,853
4970,1731
4971,1731
4972,853
4973,1457
4974,1457
4975,1731
4976,1731
4977,701
4978,1842
4979,701
4980,2448
4981,6153
4982,701
4983,1731
4984,327
4985,701
4986,1842
4987,4088
4988,6153
4989,1842
4990,1842
4991,1842
4992,1842
4993,2745
4994,2448
4995,3763
4996,2448
4997,327
4998,3763
4999,2745
5000,4500
5001,4500
5002,853
5003,6153
5004,1842
5005,327
5006,701
5007,1842
5008,3763
5009,4500
5010,4500
5011,4500
5012,4500
5013,327
5014,4500
5015,4500
5016,2745
5017,2745
5018,2448
5019,4500
5020,2448
5021,1457
5022,4088
5023,853
5024,4500
5025,3763
5026,4500
5027,3763
5028,3763
5029,3763
5030,327
5031,4500
5032,1457
5033,327
5034,701
5035,327
5036,1731
5037,4088
5038,2448
5039,4500
5040,4500
5041,4500
5042,853
5043,1731
5044,1731
5045,1842
5046,2448
5047,701
5048,1842
5049,2745
5050,6153
5051,4088
5052,2448
5053,2745
5054,701
5055,701
5056,853
5057,853
5058,2745
5059,1731
5060,853
5061,1731
5062,1731
5063,1842
5064,327
5065,4500
5066,1731
5067,1731
5068,4500
5069,1457
5070,2448
5071,2745
5072,6153
5073,1731
5074,853
5075,4088
5076,853
5077,853
5078,4088
5079,2448
5080,853
5081,1842
5082,853
5083,1842
5084,6153
5085,701
5086,701
5087,853
5088,853
5089,6153
5090,1457
5091,6153
5092,1731
5093,1842
5094,2745
5095,327
5096,853
5097,2448
5098,1457
5099,1457
5100,2745
5101,1731
5102,1457
5103,1842
5104,1842
5105,2745
5106,1731
5107,2745
5108,2745
5109,1842
5110,701
5111,1842
5112,1842
5113,6153
5114,4088
5115,1457
5116,1842
5117,4088
5118,1457
5119,1842
5120,6153
5121,1842
5122,2448
5123,6153
5124,1731
5125,2448
5126,1842
5127,1731
5128,327
5129,2448
5130,1842
5131,1731
5132,4500
5133,1731
5134,4088
5135,2448
5136,4088
5137,1457
5138,4500
5139,4088
5140,327
5141,1457
5142,4088
5143,4500
5144,6153
5145,4088
5146,1457
5147,4088
5148,4088
5149,4088
5150,327
5151,1731
5152,1731
5153,4500
5154,4088
5155,4088
5156,327
5157,4500
5158,327
5159,3763
5160,327
5161,327
5162,4088
5163,3763
5164,1731
5165,4500
5166,1457
5167,2448
5168,4088
5169,4088
5170,2448
5171,1731
5172,1842
5173,4088
5174,3763
5175,1842
5176,2448
5177,1842
5178,6153
5179,2745
5180,1731
5181,1731
5182,1731
5183,1842
5184,6153
5185,3763
5186,1731
5187,4500
5188,4088
5189,1731
5190,6153
5191,1842
5192,1731
5193,2745
5194,853
5195,2745
5196,3763
5197,2745
5198,1457
5199,1842
5200,1457
5201,1731
5202,2745
5203,4500
5204,701
5205,701
5206,3763
5207,4500
5208,701
5209,327
5210,4500
5211,327
5212,3763
5213,4500
5214,701
5215,701
5216,853
5217,853
5218,701
5219,853
5220,853
5221,1731
5222,701
5223,1457
5224,6153
5225,2448
5226,853
5227,1457
5228,701
5229,4500
5230,3763
5231,701
5232,1731
5233,1731
5234,1731
5235,701
5236,1731
5237,1457
5238,853
5239,701
5240,327
5241,6153
5242,1457
5243,327
5244,2745
5245,1842
5246,2745
5247,327
5248,2448
5249,3763
5250,2745
5251,2448
5252,1731
5253,6153
5254,3763
5255,1731
5256,3763
5257,4088
5258,1842
5259,3763
5260,3763
5261,327
5262,3763
5263,3763
5264,1731
5265,701
5266,327
5267,853
5268,2745
5269,2745
5270,4088
5271,853
5272,6153
5273,6153
5274,853
5275,853
5276,327
5277,4088
5278,1457
5279,4500
5280,4500
5281,2448
5282,2448
5283,4088
5284,1842
5285,6153
5286,1731
5287,4500
5288,2448
5289,1842
5290,4500
5291,4500
5292,4500
5293,4500
5294,1731
5295,1457
5296,4500
5297,3763
5298,1457
5299,3763
5300,3763
5301,4088
5302,1842
5303,3763
5304,4500
5305,4500
5306,4500
5307,4088
5308,2745
5309,1457
5310,2448
5311,3763
5312,4500
5313,6153
5314,2448
5315,1731
5316,3763
5317,2745
5318,2745
5319,2448
5320,1842
5321,4088
5322,2745
5323,2448
5324,1842
5325,6153
5326,1731
5327,1731
5328,853
5329,701
5330,1842
5331,1842
5332,1842
5333,6153
5334,6153
5335,1731
5336,1731
5337,1842
5338,2745
5339,1842
5340,2745
5341,1457
5342,1731
5343,3763
5344,1731
5345,2745
5346,1842
5347,4500
5348,1731
5349,853
5350,6153
5351,1731
5352,1731
5353,1731
5354,701
5355,4500
5356,1731
5357,4500
5358,1457
5359,1457
5360,1457
5361,701
5362,1731
5363,701
5364,2745
5365,701
5366,853
5367,853
5368,1731
5369,853
5370,1457
5371,4088
5372,6153
5373,6153
5374,701
5375,2448
5376,701
5377,1457
5378,327
5379,1457
5380,327
5381,853
5382,2745
5383,701
5384,701
5385,701
5386,1731
5387,2448
5388,4088
5389,701
5390,1457
5391,1731
5392,2745
5393,6153
5394,701
5395,4088
5396,1457
5397,3763
5398,701
5399,1842
5400,1842
5401,2745
5402,6153
5403,1842
5404,1842
5405,1842
5406,1731
5407,3763
5408,1842
5409,1842
5410,3763
5411,1842
5412,1731
5413,1842
5414,1842
5415,1731
5416,1842
5417,2745
5418,2745
5419,3763
5420,327
5421,1731
5422,4088
5423,2448
5424,2745
5425,2745
5426,4088
5427,4500
5428,2448
5429,701
5430,6153
5431,3763
5432,3763
5433,327
5434,1457
5435,6153
5436,1842
5437,6153
5438,853
5439,1457
5440,6153
5441,6153
5442,6153
5443,701
5444,327
5445,327
5446,4088
5447,853
5448,701
5449,2448
5450,3763
5451,2448
5452,701
5453,1731
5454,1731
5455,853
5456,4088
5457,1842
5458,6153
5459,327
5460,6153
5461,4500
5462,4500
5463,6153
5464,853
5465,2448
5466,4500
5467,3763
5468,4500
5469,4088
5470,3763
5471,1842
5472,4088
5473,1731
5474,4500
5475,3763
5476,2745
5477,327
5478,853
5479,327
5480,327
5481,1731
5482,853
5483,2745
5484,3763
5485,1842
5486,1842
5487,6153
5488,6153
5489,2448
5490,6153
5491,2745
5492,1731
5493,4500
5494,853
5495,853
5496,701
5497,1842
5498,3763
5499,1731
5500,1731
5501,2745
5502,1731
5503,2745
5504,1842
5505,1731
5506,853
5507,701
5508,701
5509,3763
5510,2448
5511,4088
5512,4500
5513,3763
5514,3763
5515,1731
5516,2745
5517,1731
5518,1731
5519,701
5520,853
5521,2745
5522,327
5523,853
5524,1842
5525,853
5526,853
5527,701
5528,3763
5529,2448
5530,701
5531,1731
5532,1842
5533,4088
5534,2745
5535,327
5536,701
5537,1457
5538,327
5539,701
5540,701
5541,701
5542,701
5543,6153
5544,2745
5545,853
5546,2745
5547,2745
5548,2745
5549,2745
5550,701
5551,4500
5552,2745
5553,3763
5554,4088
5555,2745
5556,4088
5557,1731
5558,4088
5559,701
5560,2745
5561,6153
5562,4088
5563,1842
5564,6153
5565,1731
5566,701
5567,3763
5568,701
5569,2745
5570,1842
5571,327
5572,4088
5573,2745
5574,1457
5575,2745
5576,3763
5577,3763
5578,2448
5579,701
5580,4500
5581,2448
5582,4088
5583,853
5584,327
5585,2448
5586,701
5587,4500
5588,1842
5589,6153
5590,1731
5591,4500
5592,1731
5593,1731
5594,4500
5595,1731
5596,1457
5597,2448
5598,4088
5599,2448
5600,1457
5601,1457
5602,4500
5603,3763
5604,3763
5605,327
5606,6153
5607,2448
5608,4500
5609,853
5610,1457
5611,4500
5612,1457
5613,6153
5614,327
5615,4088
5616,3763
5617,2448
5618,4500
5619,4500
5620,327
5621,6153
5622,2448
5623,1457
5624,4088
5625,4500
5626,1731
5627,3763
5628,1731
5629,1842
5630,4088
5631,853
5632,4088
5633,4088
5634,4088
5635,1731
5636,853
5637,1842
5638,1842
5639,1842
5640,1842
5641,1731
5642,1842
5643,2745
5644,4088
5645,1842
5646,1731
5647,4088
5648,1842
5649,1842
5650,1731
5651,1731
5652,1842
5653,2448
5654,1842
5655,2448
5656,1731
5657,1842
5658,853
5659,2745
5660,1731
5661,853
5662,1842
5663,327
5664,1842
5665,1842
5666,1731
5667,2745
5668,2745
5669,1731
5670,1731
5671,1842
5672,3763
5673,853
5674,2745
5675,2745
5676,701
5677,1731
5678,2448
5679,4500
5680,327
5681,4088
5682,1842
5683,1731
5684,1842
5685,4500
5686,3763
5687,6153
5688,2448
5689,2448
5690,3763
5691,2448
5692,1457
5693,1731
5694,2745
5695,2745
5696,6153
5697,701
5698,853
5699,853
5700,2745
5701,6153
5702,2745
5703,853
5704,1731
5705,853
5706,3763
5707,701
5708,853
5709,1731
5710,6153
5711,701
5712,1731
5713,853
5714,1842
5715,701
5716,1731
5717,3763
5718,701
5719,4088
5720,701
5721,853
5722,2448
5723,1842
5724,6153
5725,2745
5726,701
5727,1457
5728,701
5729,3763
5730,853
5731,327
5732,701
5733,1842
5734,2745
5735,327
5736,853
5737,701
5738,4088
5739,327
5740,1457
5741,1457
5742,3763
5743,1842
5744,1842
5745,1842
5746,3763
5747,3763
5748,3763
5749,1842
5750,3763
5751,327
5752,1731
5753,1842
5754,1731
5755,4088
5756,1457
5757,3763
5758,3763
5759,1731
5760,1842
5761,4088
5762,1842
5763,327
5764,2448
5765,1842
5766,853
5767,4088
5768,2448
5769,4500
5770,6153
5771,1457
5772,853
5773,6153
5774,701
5775,1731
5776,3763
5777,6153
5778,4500
5779,3763
5780,853
5781,327
5782,2448
5783,327
5784,4500
5785,4088
5786,1731
5787,4500
5788,1731
5789,4500
5790,4500
5791,327
5792,3763
5793,1457
5794,4500
5795,1842
5796,1457
5797,327
5798,853
5799,4088
5800,6153
5801,4500
5802,327
5803,327
5804,327
5805,3763
5806,327
5807,1842
5808,4500
5809,6153
5810,2448
5811,4088
5812,701
5813,4088
5814,3763
5815,1457
5816,2448
5817,2448
5818,2448
5819,1731
5820,853
5821,4500
5822,853
5823,4500
5824,1842
5825,4500
5826,1731
5827,853
5828,4088
5829,1842
5830,4088
5831,4088
5832,1842
5833,1731
5834,1457
5835,4500
5836,1731
5837,4500
5838,2448
5839,6153
5840,2745
5841,853
5842,2745
5843,6153
5844,2745
5845,2745
5846,1731
5847,853
5848,4088
5849,6153
5850,701
5851,4088
5852,3763
5853,4500
5854,3763
5855,4500
5856,3763
5857,1731
5858,4500
5859,2448
5860,701
5861,6153
5862,2448
5863,1457
5864,4500
5865,2745
5866,327
5867,3763
5868,701
5869,1842
5870,327
5871,853
5872,701
5873,853
5874,1731
5875,6153
5876,1457
5877,701
5878,6153
5879,853
5880,853
5881,3763
5882,701
5883,1457
5884,1457
5885,853
5886,327
5887,853
5888,327
5889,3763
5890,2448
5891,4500
5892,853
5893,1457
5894,853
5895,1731
5896,701
5897,6153
5898,6153
5899,1731
5900,1731
5901,853
5902,1842
5903,1457
5904,701
5905,853
5906,4088
5907,1457
5908,2745
5909,2745
5910,2745
5911,701
5912,3763
5913,1731
5914,3763
5915,3763
5916,1842
5917,1731
5918,701
5919,3763
5920,4088
5921,2448
5922,1731
5923,1842
5924,3763
5925,3763
5926,3763
5927,1731
5928,327
5929,1842
5930,6153
5931,1842
5932,3763
5933,1842
5934,3763
5935,2745
5936,2448
5937,1731
5938,327
5939,853
5940,1731
5941,327
5942,2448
5943,1842
5944,1842
5945,4088
5946,4088
5947,327
5948,4088
5949,6153
5950,1731
5951,2745
5952,853
5953,701
5954,327
5955,4500
5956,327
5957,6153
5958,6153
5959,3763
5960,3763
5961,6153
5962,1457
5963,327
5964,3763
5965,327
5966,701
5967,701
5968,2745
5969,4500
5970,1457
5971,2745
5972,6153
5973,1731
5974,4500
5975,853
5976,1731
5977,4500
5978,853
5979,1457
5980,6153
5981,3763
5982,4500
5983,4088
5984,4500
5985,3763
5986,1457
5987,701
5988,4500
5989,4500
5990,2448
5991,327
5992,4500
5993,6153
5994,4500
5995,3763
5996,3763
5997,4088
5998,4088
5999,3763
6000,4088
6001,327
6002,1457
6003,6153
6004,3763
6005,4500
6006,1731
6007,1842
6008,4500
6009,1457
6010,2448
6011,2448
6012,1731
6013,1731
6014,4500
6015,853
6016,4500
6017,853
6018,1842
6019,3763
6020,2448
6021,1842
6022,1731
6023,2745
6024,1842
6025,701
6026,1731
6027,4088
6028,1457
6029,4088
6030,2448
6031,1842
6032,1842
6033,2448
6034,853
6035,853
6036,853
6037,3763
6038,1457
6039,3763
6040,4088
6041,1731
6042,1731
6043,2745
6044,2745
6045,6153
6046,6153
6047,853
6048,4500
6049,1842
6050,327
6051,4500
6052,4088
6053,3763
6054,4500
6055,1731
6056,3763
6057,2448
6058,3763
6059,4088
6060,2745
6061,6153
6062,701
6063,1457
6064,701
6065,1842
6066,1731
6067,853
6068,2745
6069,2745
6070,6153
6071,1731
6072,6153
6073,1731
6074,2448
6075,853
6076,1731
6077,1842
6078,701
6079,1457
6080,2745
6081,701
6082,701
6083,701
6084,1842
6085,701
6086,2448
6087,1842
6088,1457
6089,1842
6090,327
6091,1731
6092,4088
6093,2745
6094,701
6095,1731
6096,1731
6097,2745
6098,4088
6099,3763
6100,1457
6101,4088
6102,853
6103,6153
6104,1842
6105,3763
6106,2448
6107,4088
6108,1842
6109,6153
6110,1842
6111,3763
6112,3763
6113,3763
6114,701
6115,1731
6116,327
6117,327
6118,1842
6119,1842
6120,3763
6121,1842
6122,1842
6123,2448
6124,4500
6125,2745
6126,701
6127,4500
6128,1842
6129,2448
6130,1731
6131,2745
6132,2448
6133,6153
6134,1457
6135,6153
6136,327
6137,6153
6138,4088
6139,1731
6140,4500
6141,3763
6142,1731
6143,701
6144,4500
6145,4500
6146,1731
6147,1731
6148,1731
6149,1457
6150,853
6151,4088
6152,327
6153,6153
6154,327
6155,327
6156,1457
6157,4500
6158,1457
6159,2448
6160,4088
6161,4088
6162,327
6163,1731
6164,1731
6165,1457
6166,2448
6167,853
6168,4088
6169,1457
6170,4088
6171,1457
6172,1457
6173,6153
6174,1842
6175,1457
6176,4500
6177,2448
6178,6153
6179,2448
6180,1731
6181,701
6182,853
6183,1457
6184,1457
6185,1457
6186,3763
6187,4088
6188,1842
6189,1842
6190,1842
6191,2448
6192,6153
6193,1731
6194,3763
6195,2448
6196,1457
6197,853
6198,6153
6199,1842
6200,4500
6201,6153
6202,853
6203,1457
6204,1842
6205,1731
6206,4500
6207,1731
6208,1731
6209,4500
6210,701
6211,701
6212,2448
6213,853
6214,6153
6215,2745
6216,1842
6217,2745
6218,1731
6219,701
6220,853
6221,1731
6222,2745
6223,2745
6224,1842
6225,1842
6226,1731
6227,1731
6228,1842
6229,853
6230,1842
6231,3763
6232,1842
6233,1842
6234,1457
6235,1842
6236,4088
6237,1731
6238,4500
6239,4500
6240,327
6241,4500
6242,4088
6243,3763
6244,4500
6245,327
6246,1842
6247,1731
6248,3763
6249,1731
6250,701
6251,701
6252,701
6253,701
6254,853
6255,853
6256,701
6257,6153
6258,853
6259,2745
6260,853
6261,853
6262,853
6263,853
6264,2448
6265,327
6266,853
6267,853
6268,1731
6269,701
6270,701
6271,853
6272,1842
6273,853
6274,2448
6275,2745
6276,1731
6277,4088
6278,2448
6279,701
6280,701
6281,1842
6282,6153
6283,327
6284,853
6285,4088
6286,2448
6287,6153
6288,6153
6289,701
6290,1842
6291,2448
6292,701
6293,1842
6294,2745
6295,701
6296,701
6297,327
6298,4500
6299,327
6300,327
6301,3763
6302,1731
6303,1842
6304,3763
6305,1731
6306,1842
6307,6153
6308,1731
6309,3763
6310,3763
6311,701
6312,2745
6313,701
6314,6153
6315,1731
6316,2448
6317,1842
6318,2448
6319,327
6320,2448
6321,2745
6322,2745
6323,4500
6324,6153
6325,1731
6326,1457
6327,701
6328,3763
6329,6153
6330,4088
6331,6153
6332,701
6333,1731
6334,327
6335,6153
6336,327
6337,3763
6338,4500
6339,1731
6340,4500
6341,1842
6342,4088
6343,1457
6344,327
6345,6153
6346,853
6347,6153
6348,4088
6349,327
6350,3763
6351,4500
6352,4500
6353,4500
6354,4500
6355,2448
6356,4500
6357,327
6358,327
6359,4088
6360,1731
6361,327
6362,4088
6363,4088
6364,4500
6365,4500
6366,1731
6367,4500
6368,6153
6369,6153
6370,1842
6371,1731
6372,3763
6373,4088
6374,4088
6375,1731
6376,1731
6377,853
6378,1842
6379,2745
6380,4088
6381,2745
6382,4088
6383,1731
6384,1842
6385,2745
6386,701
6387,853
6388,6153
6389,2745
6390,1731
6391,6153
6392,701
6393,2745
6394,1731
6395,1731
6396,1731
6397,1731
6398,1731
6399,2745
6400,1731
6401,1731
6402,1731
6403,1731
6404,4500
6405,1457
6406,4088
6407,6153
6408,1731
6409,3763
6410,4500
6411,327
6412,701
6413,4088
6414,3763
6415,4500
6416,3763
6417,1457
6418,327
6419,2745
6420,701
6421,701
6422,701
6423,1731
6424,701
6425,4088
6426,853
6427,853
6428,853
6429,4088
6430,853
6431,1842
6432,327
6433,853
6434,4088
6435,1842
6436,701
6437,853
6438,1731
6439,327
6440,1457
6441,853
6442,1731
6443,2448
6444,2745
6445,6153
6446,701
6447,853
6448,1731
6449,1842
6450,6153
6451,1457
6452,2745
6453,1731
6454,4500
6455,2745
6456,327
6457,701
6458,1731
6459,701
6460,701
6461,2745
6462,4088
6463,3763
6464,701
6465,701
6466,2448
6467,2448
6468,3763
6469,6153
6470,3763
6471,701
6472,1842
6473,3763
6474,1731
6475,3763
6476,3763
6477,3763
6478,1842
6479,3763
6480,2745
6481,1731
6482,3763
6483,1731
6484,853
6485,2448
6486,327
6487,3763
6488,6153
6489,3763
6490,4088
6491,2745
6492,1842
6493,2745
6494,2448
6495,853
6496,4088
6497,3763
6498,1731
6499,1731
6500,701
6501,2745
6502,701
6503,6153
6504,4500
6505,701
6506,3763
6507,3763
6508,853
6509,6153
6510,1457
6511,6153
6512,3763
6513,1457
6514,1457
6515,4500
6516,4500
6517,327
6518,4500
6519,4088
6520,4088
6521,1457
6522,6153
6523,2448
6524,3763
6525,3763
6526,327
6527,3763
6528,2448
6529,4088
6530,327
6531,3763
6532,327
6533,327
6534,1731
6535,4500
6536,4088
6537,4088
6538,327
6539,1731
6540,2448
6541,1842
6542,6153
6543,4500
6544,4088
6545,6153
6546,2448
6547,1457
6548,327
6549,1842
6550,6153
6551,2448
6552,1457
6553,4088
6554,1842
6555,1842
6556,1731
6557,327
6558,6153
6559,1842
6560,3763
6561,701
6562,701
6563,701
6564,853
6565,6153
6566,2745
6567,853
6568,853
6569,1731
6570,2745
6571,1731
6572,2745
6573,1731
6574,1731
6575,1731
6576,1731
6577,1731
6578,1731
6579,701
6580,4500
6581,327
6582,4088
6583,3763
6584,1457
6585,4500
6586,2448
6587,327
6588,6153
6589,701
6590,701
6591,2745
6592,1731
6593,701
6594,701
6595,1457
6596,4088
6597,1842
6598,2745
6599,853
6600,853
6601,701
6602,1842
6603,853
6604,1731
6605,701
6606,853
6607,2448
6608,2448
6609,701
6610,1457
6611,701
6612,701
6613,1842
6614,853
6615,853
6616,1731
6617,701
6618,853
6619,853
6620,701
6621,701
6622,1731
6623,3763
6624,1731
6625,3763
6626,853
6627,1457
6628,853
6629,701
6630,4088
6631,4088
6632,1842
6633,701
6634,701
6635,327
6636,1457
6637,2745
6638,701
6639,4088
6640,1731
6641,2745
6642,853
6643,3763
6644,3763
6645,3763
6646,1731
6647,3763
6648,327
6649,3763
6650,1842
6651,6153
6652,1842
6653,3763
6654,3763
6655,1842
6656,4500
6657,6153
6658,701
6659,1731
6660,4500
6661,327
6662,1731
6663,1731
6664,6153
6665,3763
6666,6153
6667,327
6668,2448
6669,1457
6670,1457
6671,1731
6672,6153
6673,853
6674,2448
6675,327
6676,6153
6677,327
6678,701
6679,1842
6680,3763
6681,1731
6682,2448
6683,1842
6684,1842
6685,1842
6686,1842
6687,1842
6688,2745
6689,2745
6690,1731
6691,2745
6692,1731
6693,1731
6694,2745
6695,1731
6696,6153
6697,2448
6698,1842
6699,701
6700,327
6701,4500
6702,701
6703,2745
6704,327
6705,327
6706,6153
6707,701
6708,2745
6709,4088
6710,4088
6711,1842
6712,2448
6713,1842
6714,1457
6715,3763
6716,3763
6717,1842
6718,3763
6719,327
6720,1731
6721,4088
6722,3763
6723,1842
6724,3763
6725,3763
6726,1731
6727,3763
6728,1842
6729,6153
6730,327
6731,3763
6732,1731
6733,4088
6734,1731
6735,1731
6736,327
6737,327
6738,1731
6739,327
6740,6153
6741,4088
6742,701
6743,3763
6744,327
6745,6153
6746,4088
6747,6153
6748,6153
6749,6153
6750,2448
6751,1842
6752,2745
6753,2745
6754,1731
6755,4500
6756,1731
6757,4500
6758,6153
6759,327
6760,327
6761,2448
6762,3763
6763,4500
6764,1457
6765,4500
6766,327
6767,853
6768,4088
6769,4500
6770,1731
6771,4500
6772,6153
6773,3763
6774,327
6775,327
6776,4500
6777,4500
6778,327
6779,327
6780,1731
6781,327
6782,327
6783,4088
6784,1842
6785,1731
6786,4500
6787,853
6788,4500
6789,1457
6790,1731
6791,2745
6792,4088
6793,2448
6794,1457
6795,3763
6796,1457
6797,2448
6798,6153
6799,1731
6800,4088
6801,3763
6802,2745
6803,4088
6804,4500
6805,701
6806,4088
6807,6153
6808,1731
6809,1457
6810,327
6811,1842
6812,3763
6813,2448
6814,1842
6815,2745
6816,2745
6817,1731
6818,1731
6819,1457
6820,327
6821,701
6822,4088
6823,4500
6824,4500
6825,327
6826,1731
6827,1731
6828,4500
6829,4088
6830,2448
6831,1457
6832,1731
6833,3763
6834,1842
6835,2745
6836,6153
6837,1731
6838,853
6839,2448
6840,4088
6841,4500
6842,853
6843,327
6844,1842
6845,6153
6846,853
6847,2448
6848,1842
6849,701
6850,701
6851,853
6852,1457
6853,6153
6854,4088
6855,701
6856,1457
6857,1842
6858,4088
6859,853
6860,2745
6861,1842
6862,701
6863,3763
6864,1842
6865,1842
6866,3763
6867,701
6868,327
6869,4088
6870,1842
6871,3763
6872,701
6873,1842
6874,327
6875,1842
6876,4088
6877,1731
6878,3763
6879,1842
6880,1457
6881,1731
6882,2448
6883,6153
6884,6153
6885,2448
6886,2448
6887,1457
6888,4500
6889,327
6890,3763
6891,327
6892,6153
6893,1457
6894,327
6895,4088
6896,4500
6897,4500
6898,4500
6899,2745
6900,3763
6901,3763
6902,701
6903,6153
6904,4500
6905,1457
6906,1731
6907,1457
6908,327
6909,1731
6910,3763
6911,3763
6912,327
6913,3763
6914,3763
6915,4500
6916,3763
6917,4500
6918,4088
6919,4500
6920,327
6921,4500
6922,4500
6923,1457
6924,1842
6925,1731
6926,1457
6927,1731
6928,2448
6929,1731
6930,1842
6931,2448
6932,4088
6933,1842
6934,327
6935,2448
6936,2448
6937,1842
6938,6153
6939,4088
6940,4500
6941,2448
6942,2448
6943,1842
6944,2745
6945,3763
6946,2745
6947,4088
6948,1731
6949,1731
6950,1457
6951,2745
6952,1842
6953,4500
6954,3763
6955,1457
6956,3763
6957,701
6958,6153
6959,853
6960,2745
6961,1457
6962,6153
6963,1842
6964,853
6965,1731
6966,701
6967,327
6968,1731
6969,1731
6970,3763
6971,1842
6972,1842
6973,3763
6974,1457
6975,6153
6976,1842
6977,1842
6978,1842
6979,1842
6980,1457
6981,1842
6982,4500
6983,2448
6984,1457
6985,2448
6986,1457
6987,1731
6988,701
6989,701
6990,1731
6991,3763
6992,1457
6993,6153
6994,3763
6995,327
6996,1457
6997,6153
6998,1457
6999,4500
7000,4500
7001,701
7002,1731
7003,1457
7004,2448
7005,3763
7006,4500
7007,3763
7008,4500
7009,4500
7010,3763
7011,327
7012,4088
7013,6153
7014,1731
7015,1731
7016,4500
7017,2448
7018,4088
7019,2448
7020,1842
7021,2448
7022,327
7023,6153
7024,2745
7025,6153
7026,4500
7027,1457
7028,3763
7029,1731
7030,1731
7031,1842
7032,853
7033,1842
7034,2745
7035,2745
7036,4500
7037,1842
7038,4500
7039,1731
7040,2448
7041,4500
7042,853
7043,1457
7044,1457
7045,1457
7046,1731
7047,6153
7048,853
